Model,Accuracy,Precision,Recall,F1-Score
SGD Logistic Classifier,0.41375,0.4166362582076709,0.41375,0.40516373575123477
Linear SVM,0.483,0.4852944690506648,0.483,0.4827319516495223
